{"_wandb":{"runtime":13},"Train Loss":1.4785690519544814,"Train Accuracy":32.199228340933004,"Test Accuracy":29.312762973352033,"_timestamp":1.7310263574884772e+09,"_runtime":12.8282816,"_step":49}