{"_runtime":13.1185382,"_wandb":{"runtime":13},"_step":49,"Train Loss":1.841132813029819,"Train Accuracy":16.660820764643983,"Test Accuracy":16.690042075736326,"_timestamp":1.7310264573939965e+09}