{"Train Loss":0.6912555277347565,"Train Accuracy":73.34268677656962,"Test Accuracy":82.32819074333801,"_wandb":{"runtime":14},"_timestamp":1.7310271386747317e+09,"_runtime":14.0715134,"_step":49}