{"Test Accuracy":82.0476858345021,"_timestamp":1.731026570410228e+09,"_runtime":13.8404434,"_wandb":{"runtime":14},"_step":49,"Train Loss":0.2816718850905697,"Train Accuracy":88.84601894072256}