{"_timestamp":1.7310264924826987e+09,"_runtime":5.4264428,"_step":19,"_wandb":{"runtime":5},"Train Loss":1.8022169987360637,"Train Accuracy":16.660820764643983,"Test Accuracy":16.690042075736326}