{"Test Accuracy":84.43197755960729,"_timestamp":1.7310267711468823e+09,"_runtime":12.8776688,"_wandb":{"runtime":18},"_step":49,"Train Loss":0.20968043876604903,"Train Accuracy":92.14310768151526}