{"_wandb":{"runtime":6},"Test Accuracy":73.91304347826087,"_timestamp":1.731025250489978e+09,"_runtime":6.0025858,"_step":19,"Train Loss":0.6054485307799445,"Train Accuracy":79.44580848824974}