{"Train Accuracy":91.9677306208348,"_wandb":{"runtime":14},"Test Accuracy":84.57223001402525,"_timestamp":1.731025801016074e+09,"_runtime":14.1476461,"_step":49,"Train Loss":0.2283151976350281}