{"_runtime":13.6323441,"_step":49,"Train Loss":0.22297143292509847,"_wandb":{"runtime":14},"Train Accuracy":91.5117502630656,"Test Accuracy":84.7124824684432,"_timestamp":1.731026928232351e+09}