{"_wandb":{"runtime":143},"_timestamp":1.7310277732080588e+09,"_runtime":136.3745999,"_step":49,"Train Loss":0.19112955518066882,"Train Accuracy":94.45808488249737,"Test Accuracy":90.18232819074333,"Confusion Matrix":{"height":6,"caption":"Confusion Matrix","_type":"image-file","sha256":"f012dfe82d9bdfc021c16fd9b5348d6735096324a63a751bdf9a3520c45ac8f8","size":101,"path":"media/images/Confusion Matrix_49_f012dfe82d9bdfc021c1.png","format":"png","width":6}}