{"_runtime":6.8867835,"_step":19,"_wandb":{"runtime":7},"Train Loss":1.6102105180422466,"Train Accuracy":26.30655910206945,"Test Accuracy":27.629733520336607,"_timestamp":1.7310262810608978e+09}