{"Confusion Matrix":{"sha256":"c081a8199f4e7c31f8b0bf1bf36d0f205a8c1a293798703937e1f95b71fec1a8","size":102,"path":"media/images/Confusion Matrix_49_c081a8199f4e7c31f8b0.png","format":"png","width":6,"height":6,"caption":"Confusion Matrix","_type":"image-file"},"_timestamp":1.7310286146329033e+09,"_wandb":{"runtime":18},"_runtime":17.9863063,"_step":49,"Train Loss":0.2086767382091946,"Train Accuracy":92.8796913363732,"Test Accuracy":88.218793828892}