{"_timestamp":1.7310274458932326e+09,"_runtime":14.2199151,"_step":49,"_wandb":{"runtime":14},"Train Loss":0.20946823780735332,"Train Accuracy":93.26552086987022,"Test Accuracy":87.9382889200561}