{"Test Accuracy":72.9312762973352,"_timestamp":1.7310261953349476e+09,"_runtime":6.410653,"_step":19,"Train Loss":0.6789746284484863,"Train Accuracy":76.70992634163451,"_wandb":{"runtime":6}}