{"_timestamp":1.7310245169886417e+09,"_runtime":36.8042402,"_step":19,"_wandb":{"runtime":37},"Train Loss":0.014509386932736056,"Train Accuracy":99.57909505436689,"Test Accuracy":89.90182328190744}