{"Confusion Matrix":{"height":6,"caption":"Confusion Matrix","_type":"image-file","sha256":"6f43dfbf8b478fe5a4f769701aa3a595640c84db11b80445706015ae58576b4a","size":103,"path":"media/images/Confusion Matrix_49_6f43dfbf8b478fe5a4f7.png","format":"png","width":6},"_timestamp":1.731027922582328e+09,"_runtime":16.9456701,"_step":49,"_wandb":{"runtime":17},"Train Loss":0.2037496363123258,"Train Accuracy":93.01999298491758,"Test Accuracy":86.67601683029453}