{"Train Loss":0.2264194036523501,"Train Accuracy":92.45878639074009,"_wandb":{"runtime":17},"Test Accuracy":89.06030855539971,"Confusion Matrix":{"caption":"Confusion Matrix","_type":"image-file","sha256":"70156ae728d48a52c769b1a17eec1228356903acd118ce264d0d4b8fa77d6bb0","size":105,"path":"media/images/Confusion Matrix_49_70156ae728d48a52c769.png","format":"png","width":6,"height":6},"_timestamp":1.7310283517158644e+09,"_runtime":16.9494334,"_step":49}