{"Train Loss":0.20625572130084038,"Train Accuracy":93.30059628200631,"Test Accuracy":87.79803646563815,"Confusion Matrix":{"height":6,"caption":"Confusion Matrix","_type":"image-file","sha256":"f6a4022180dc47082e00e991720f72995f2a805fa9a2f298ca36fbe18ce2728a","size":102,"path":"media/images/Confusion Matrix_49_f6a4022180dc47082e00.png","format":"png","width":6},"_timestamp":1.7310318118288739e+09,"_runtime":16.7393359,"_wandb":{"runtime":17},"_step":49}